{
    "providers": [

    { "type": "bitmap",
            "file": "minecraft:font/raid.png",
            "ascent": 13, "height": 48,
            "chars": ["\uE903"]
        },
	{ "type": "bitmap",
            "file": "minecraft:font/wither.png",
            "ascent": 13, "height": 52,
            "chars": ["\uE906"]
        },
	{ "type": "bitmap",
            "file": "minecraft:font/enderdragon.png",
            "ascent": 13, "height": 42,
            "chars": ["\uE907"]
        },
    	{ "type": "bitmap",
            "file": "minecraft:font/e.png",
            "ascent": 0, "height": 15,
            "chars": ["\u1981"]
        },
    	{ "type": "bitmap",
            "file": "minecraft:font/d.png",
            "ascent": 11, "height": 15,
            "chars": ["\u3002"]
        }
    ]
}
